date,sales
2020-01-01,4873403.45
2020-01-02,1485117.86
2020-01-03,1262814.22
2020-01-04,3049626.3
2020-01-05,3547281.88
2020-01-06,4997233.15
2020-01-07,3161864.84
2020-01-08,4230878.94
2020-01-09,2236597.47
2020-01-10,1671886.54
2020-01-11,6626370.46
2020-01-12,4773561.03
2020-01-13,6581137.19
2020-01-14,1381174.53
2020-01-15,2856753.47
2020-01-16,3409388.93
2020-01-17,1123055.61
2020-01-18,7472506.51
2020-01-19,2818204.91
2020-01-20,3185299.27
2020-01-21,7061031.52
2020-01-22,5567331.39
2020-01-23,4120515.76
2020-01-24,2017163.95
2020-01-25,9324335.23
2020-01-26,9499085.36
2020-01-27,8868889.49
2020-01-28,2238604.24
2020-01-29,3872519.5
2020-01-30,2926490.69
2020-01-31,5915350.79
2020-02-01,5857955.75
2020-02-02,4666831.59
2020-02-03,682023.01
2020-02-04,5225382.55
2020-02-05,2323110.21
2020-02-06,6459818.71
2020-02-07,2263316.94
2020-02-08,2504094.94
2020-02-09,8056073.27
2020-02-10,7993514.16
2020-02-12,3591017.89
2020-02-13,3179909.43
2020-02-14,3749505.03
2020-02-15,2012288.89
2020-02-16,3467877.95
2020-02-17,4318929.27
2020-02-18,1180721.81
2020-02-19,6656503.83
2020-02-20,6100353.89
2020-02-21,2156504.45
2020-02-22,14202193.94
2020-02-23,6509134.62
2020-02-24,7256869.69
2020-02-26,4380196.99
2020-02-27,5029758.74
2020-02-28,3699263.34
2020-02-29,3804250.27
2020-03-01,3873592.7
2020-03-02,3397831.35
2020-03-03,2025725.34
2020-03-04,3287310.54
2020-03-05,2914340.63
2020-03-06,1708751.64
2020-03-07,8589569.82
2020-03-08,6198713.09
2020-03-09,2443148.35
2020-03-10,5744025.89
2020-03-11,2853721.62
2020-03-12,2162931.72
2020-03-13,2005390.31
2020-03-14,13102705.99
2020-03-15,9951836.15
2020-03-16,6578979.04
2020-03-17,2764956.28
2020-03-19,7188020.07
2020-03-20,6515865.0
2020-03-21,4635719.71
2020-03-22,10070907.51
2020-03-23,4782156.28
2020-03-24,6086953.99
2020-03-25,1263302.39
2020-03-26,4740561.86
2020-03-27,2714008.4
2020-03-28,5579576.48
2020-03-29,908673.94
2020-03-30,3638325.5
2020-03-31,3891127.25
2020-04-02,532088.33
2020-04-03,4613455.34
2020-04-04,11310373.67
2020-04-05,6831076.4
2020-04-06,688169.21
2020-04-07,2058662.82
2020-04-08,2431107.42
2020-04-09,7263867.98
2020-04-10,918729.43
2020-04-11,8334619.21
2020-04-12,8489157.78
2020-04-13,8675263.46
2020-04-14,6316119.35
2020-04-15,4978700.24
2020-04-16,5358275.73
2020-04-17,3979228.85
2020-04-18,3127165.21
2020-04-19,7200207.97
2020-04-20,3737353.15
2020-04-21,3050843.5
2020-04-22,500581.21
2020-04-23,2950637.57
2020-04-24,3198425.46
2020-04-25,15968041.83
2020-04-26,5604225.18
2020-04-27,4488257.51
2020-04-28,3484103.39
2020-04-29,5277238.12
2020-04-30,1648741.28
2020-05-01,3184298.0
2020-05-02,7788367.73
2020-05-03,5309016.98
2020-05-04,1776046.89
2020-05-05,3715078.52
2020-05-06,2069736.46
2020-05-07,5220018.88
2020-05-08,4172078.08
2020-05-09,1215064.09
2020-05-10,5494673.08
2020-05-11,9107141.84
2020-05-12,1945878.46
2020-05-13,6646556.97
2020-05-14,6649012.4
2020-05-15,6331454.54
2020-05-16,8264807.38
2020-05-17,5282143.32
2020-05-18,1649712.02
2020-05-19,2833944.24
2020-05-20,361936.99
2020-05-21,4493851.6
2020-05-22,7098999.97
2020-05-24,9003945.68
2020-05-26,2671983.67
2020-05-27,4128722.44
2020-05-28,3428053.57
2020-05-29,4168468.2
2020-05-30,9234831.32
2020-05-31,5084431.79
2020-06-01,5093497.39
2020-06-02,2933758.9
2020-06-03,2436917.89
2020-06-04,1421229.31
2020-06-05,3028758.57
2020-06-06,4141223.06
2020-06-07,5313549.41
2020-06-08,5076718.31
2020-06-09,4481890.58
2020-06-10,5431513.71
2020-06-11,5583821.92
2020-06-12,4327300.78
2020-06-13,3204928.13
2020-06-14,3268269.42
2020-06-15,6605346.05
2020-06-16,8138679.91
2020-06-17,2758821.55
2020-06-18,1432958.38
2020-06-19,1868714.38
2020-06-20,10229907.23
2020-06-21,8208934.53
2020-06-22,1657510.29
2020-06-23,4350884.8
2020-06-24,2010167.93
2020-06-25,1320979.89
2020-06-26,948828.61
2020-06-27,7229548.6
2020-06-28,4422749.7
2020-06-29,802357.51
2020-06-30,3094365.01
2020-07-01,2464027.8
2020-07-02,7466059.18
2020-07-03,3184016.78
2020-07-04,1888851.44
2020-07-05,1472503.87
2020-07-06,4760282.06
2020-07-07,2209753.79
2020-07-08,4531707.77
2020-07-09,3976733.19
2020-07-10,2418362.99
2020-07-11,14080649.52
2020-07-12,8488039.54
2020-07-13,2669061.84
2020-07-15,1781924.26
2020-07-16,3125664.21
2020-07-17,6861262.67
2020-07-18,4760000.21
2020-07-19,4957480.44
2020-07-20,1805379.9
2020-07-21,6992771.2
2020-07-22,2595812.24
2020-07-23,2884983.96
2020-07-24,2330892.93
2020-07-25,6324481.24
2020-07-26,5041455.99
2020-07-27,4014726.0
2020-07-28,1238699.96
2020-07-29,2849399.48
2020-07-30,4178479.56
2020-07-31,5172534.33
2020-08-01,4932596.6
2020-08-02,4092234.32
2020-08-03,3456202.42
2020-08-04,3314578.08
2020-08-05,2581970.87
2020-08-06,6427033.69
2020-08-07,4470271.18
2020-08-08,6865614.81
2020-08-09,13723034.78
2020-08-10,4708019.73
2020-08-11,3720482.94
2020-08-12,6772509.85
2020-08-13,6650907.92
2020-08-14,5015793.72
2020-08-15,1174621.57
2020-08-16,8167140.2
2020-08-17,1236745.9
2020-08-18,3845788.93
2020-08-19,3993643.63
2020-08-21,5767250.08
2020-08-22,12745754.48
2020-08-23,5858907.05
2020-08-24,2284783.76
2020-08-26,1202747.3
2020-08-27,1327669.8
2020-08-28,5130574.27
2020-08-29,4090542.73
2020-08-30,6591347.34
2020-08-31,2537446.34
2020-09-01,5672676.54
2020-09-02,3172641.4
2020-09-03,3169625.76
2020-09-04,6579177.9
2020-09-05,9430624.28
2020-09-06,2858712.44
2020-09-07,2514261.48
2020-09-08,2174372.71
2020-09-09,1051995.59
2020-09-10,5311619.06
2020-09-11,5626327.43
2020-09-12,4074029.58
2020-09-13,7128163.44
2020-09-14,2257737.34
2020-09-15,6599381.68
2020-09-16,4692959.2
2020-09-17,10924901.6
2020-09-18,3748967.14
2020-09-19,9910131.7
2020-09-20,2574191.52
2020-09-21,1242714.88
2020-09-22,3273007.46
2020-09-23,2852413.4
2020-09-24,5066117.5
2020-09-25,4879665.05
2020-09-26,3476585.38
2020-09-27,4209708.36
2020-09-28,2155675.58
2020-09-29,2383187.22
2020-09-30,661651.63
2020-10-01,10093966.13
2020-10-02,6519356.27
2020-10-03,10429263.91
2020-10-04,5923364.81
2020-10-05,4967179.2
2020-10-07,2103274.61
2020-10-08,6694502.56
2020-10-09,6514870.76
2020-10-10,6901822.02
2020-10-11,2994246.3
2020-10-12,4150024.49
2020-10-13,1712657.52
2020-10-14,4924912.02
2020-10-15,7439001.49
2020-10-16,1202719.94
2020-10-17,6863048.7
2020-10-18,4916568.14
2020-10-19,6481366.12
2020-10-20,2669942.22
2020-10-21,2211264.23
2020-10-22,2503044.83
2020-10-23,1127510.33
2020-10-24,11388803.57
2020-10-25,10978661.34
2020-10-26,7843218.02
2020-10-27,2212231.7
2020-10-28,6522898.99
2020-10-29,1379781.22
2020-10-30,5088732.61
2020-10-31,10852299.33
2020-11-01,11239400.05
2020-11-02,3357771.28
2020-11-03,5599915.78
2020-11-04,5430199.16
2020-11-05,5010629.53
2020-11-06,937027.14
2020-11-07,9753636.76
2020-11-08,5754417.53
2020-11-09,981327.97
2020-11-10,6513205.97
2020-11-11,6401442.8
2020-11-12,1667836.0
2020-11-13,5738516.2
2020-11-14,5611374.47
2020-11-15,4986954.79
2020-11-16,1472820.83
2020-11-17,5813955.52
2020-11-18,6343354.12
2020-11-19,6055572.66
2020-11-20,4188006.62
2020-11-21,2710653.45
2020-11-22,5644046.15
2020-11-23,3711629.55
2020-11-24,5780977.34
2020-11-25,3664188.17
2020-11-26,9746603.46
2020-11-27,1087592.14
2020-11-28,2002936.87
2020-11-29,2684964.01
2020-11-30,5145899.09
2020-12-01,2973845.12
2020-12-02,3822309.0
2020-12-03,5458548.17
2020-12-04,4934060.54
2020-12-05,5673817.78
2020-12-06,1217707.19
2020-12-07,4704542.22
2020-12-08,2523308.11
2020-12-09,1439517.76
2020-12-10,1467336.2
2020-12-11,8176648.53
2020-12-12,10404667.03
2020-12-13,7408983.39
2020-12-14,4317084.43
2020-12-15,1173444.95
2020-12-16,3840024.93
2020-12-17,6296883.2
2020-12-18,1895694.56
2020-12-19,3930192.42
2020-12-20,6804215.95
2020-12-21,3157252.32
2020-12-22,1554092.59
2020-12-23,7430695.03
2020-12-24,3988313.75
2020-12-25,3141578.47
2020-12-26,9527902.67
2020-12-27,4907563.91
2020-12-28,947368.91
2020-12-29,5263156.73
2020-12-30,580552.68
2020-12-31,1175294.32
2021-01-01,3456126.91
2021-01-02,5913906.58
2021-01-03,2964190.73
2021-01-04,1566156.11
2021-01-05,980183.89
2021-01-06,7721953.15
2021-01-07,5049951.73
2021-01-08,2604803.35
2021-01-09,4880456.26
2021-01-10,6089681.22
2021-01-11,2791017.73
2021-01-12,3359585.95
2021-01-13,1758285.63
2021-01-14,2640328.56
2021-01-15,5397825.68
2021-01-16,2256233.48
2021-01-17,3016436.26
2021-01-18,4866485.71
2021-01-19,3752985.51
2021-01-20,2491838.8
2021-01-21,4861718.34
2021-01-22,807605.12
2021-01-23,5655439.86
2021-01-24,2357882.54
2021-01-25,4539178.51
2021-01-26,1479605.45
2021-01-27,3287742.19
2021-01-28,1569588.18
2021-01-29,4351726.93
2021-01-30,3266593.95
2021-01-31,10892190.66
2021-02-01,1935165.5
2021-02-02,7053554.39
2021-02-03,4368089.28
2021-02-04,1693526.89
2021-02-05,3946997.55
2021-02-06,3865241.4
2021-02-07,3672263.14
2021-02-08,4828319.8
2021-02-09,3087849.21
2021-02-11,2842012.82
2021-02-12,10027531.2
2021-02-13,11432705.05
2021-02-14,7561910.57
2021-02-15,4488221.1
2021-02-17,3075083.37
2021-02-19,2339463.13
2021-02-20,6393195.56
2021-02-21,3882979.47
2021-02-22,1052317.12
2021-02-23,300000.0
2021-02-24,4106801.3
2021-02-25,1539221.56
2021-02-26,2194963.76
2021-02-27,7609327.15
2021-02-28,6010083.86
2021-03-01,7717910.22
2021-03-03,1318170.91
2021-03-04,6613379.16
2021-03-05,6552788.97
2021-03-06,4398915.47
2021-03-07,4699836.37
2021-03-08,6401411.36
2021-03-09,532560.3
2021-03-10,4813228.39
2021-03-11,7635931.58
2021-03-12,6180456.08
2021-03-13,7279171.34
2021-03-14,4664418.65
2021-03-15,6721361.22
2021-03-16,5486771.92
2021-03-17,2216054.95
2021-03-18,4528430.69
2021-03-19,1234113.69
2021-03-20,6348248.96
2021-03-21,10197164.09
2021-03-22,6453276.86
2021-03-23,3406251.56
2021-03-24,4503523.74
2021-03-25,4213338.09
2021-03-26,2066022.43
2021-03-27,15820163.54
2021-03-28,8492222.78
2021-03-29,4403813.61
2021-03-30,2819414.8
2021-03-31,3013675.47
2021-04-01,8353298.89
2021-04-02,3181849.8
2021-04-03,4104223.86
2021-04-04,4269503.18
2021-04-05,4223466.38
2021-04-06,3551992.17
2021-04-07,6140601.31
2021-04-08,3601751.43
2021-04-09,2914269.89
2021-04-10,5079423.08
2021-04-11,8344419.69
2021-04-12,2454601.24
2021-04-13,1997735.2
2021-04-14,4900681.12
2021-04-15,3020623.15
2021-04-16,6265748.95
2021-04-17,3107273.83
2021-04-18,6502304.09
2021-04-19,7241704.9
2021-04-20,1841991.14
2021-04-21,4564852.55
2021-04-22,7845941.96
2021-04-23,2894357.14
2021-04-24,9634645.78
2021-04-25,7621350.5
2021-04-26,804016.88
2021-04-27,4861883.25
2021-04-28,4570799.22
2021-04-29,3006170.43
2021-04-30,5413670.91
2021-05-01,5876745.88
2021-05-02,13551394.61
2021-05-03,1740881.07
2021-05-04,4702249.35
2021-05-05,2839846.49
2021-05-06,4461675.2
2021-05-07,4061667.03
2021-05-08,3632440.97
2021-05-09,4462621.91
2021-05-10,4849347.72
2021-05-11,6171532.72
2021-05-12,1658545.18
2021-05-13,1294155.3
2021-05-14,1039447.29
2021-05-15,3000342.81
2021-05-16,4428202.63
2021-05-17,2862981.05
2021-05-18,4581253.56
2021-05-19,1626483.81
2021-05-20,4175592.51
2021-05-21,4115074.18
2021-05-22,7999724.57
2021-05-23,3009110.09
2021-05-24,5495310.5
2021-05-25,756018.87
2021-05-26,1658824.55
2021-05-27,1903484.85
2021-05-28,1957296.6
2021-05-29,5522470.66
2021-05-30,8109544.58
2021-05-31,4226994.5
2021-06-01,9837714.51
2021-06-02,3865653.19
2021-06-03,4044503.33
2021-06-04,4444333.7
2021-06-05,6593174.19
2021-06-06,4306985.52
2021-06-07,3098062.6
2021-06-08,8897106.99
2021-06-09,2480422.35
2021-06-10,3677725.67
2021-06-11,3361340.73
2021-06-12,7891694.48
2021-06-13,3259066.54
2021-06-14,2085474.75
2021-06-16,1671017.89
2021-06-17,3182943.18
2021-06-18,2614144.34
2021-06-19,11902392.03
2021-06-20,2515585.7
2021-06-21,1384108.65
2021-06-22,2277438.48
2021-06-23,4796537.74
2021-06-24,2453607.14
2021-06-25,2902683.18
2021-06-26,1850481.67
2021-06-27,2645187.13
2021-06-28,2227822.61
2021-06-29,5605908.62
2021-06-30,7255475.62
2021-07-01,6810651.43
2021-07-02,1050929.77
2021-07-03,4951020.89
2021-07-04,5537280.79
2021-07-05,7849859.73
2021-07-06,2597062.27
2021-07-07,3777046.81
2021-07-08,2299122.94
2021-07-09,3880786.62
2021-07-10,2404066.83
2021-07-11,1008496.57
2021-07-12,4007530.18
2021-07-13,2512660.86
2021-07-14,1969726.22
2021-07-15,3584064.81
2021-07-16,1606837.67
2021-07-17,7399722.07
2021-07-18,8143341.01
2021-07-19,4616424.23
2021-07-20,2961544.79
2021-07-21,1265717.91
2021-07-22,6833442.3
2021-07-23,1448778.32
2021-07-24,7111013.84
2021-07-25,2511393.22
2021-07-26,6236015.17
2021-07-27,1803652.41
2021-07-28,2586622.37
2021-07-29,1682038.26
2021-07-30,2271776.12
2021-07-31,3738414.55
2021-08-01,7970900.59
2021-08-02,781914.26
2021-08-03,511529.67
2021-08-04,5225144.71
2021-08-05,3895818.97
2021-08-06,3050465.8
2021-08-07,3261673.03
2021-08-08,8424949.23
2021-08-09,2316827.86
2021-08-10,4561359.85
2021-08-11,3058830.6
2021-08-12,6292886.03
2021-08-13,5416198.27
2021-08-14,4114768.58
2021-08-15,6370655.43
2021-08-16,1586924.49
2021-08-17,4410304.72
2021-08-18,4615820.68
2021-08-19,2002984.81
2021-08-20,1659868.81
2021-08-22,7807998.93
2021-08-23,2907104.03
2021-08-24,4760795.17
2021-08-25,2872775.94
2021-08-26,4278410.65
2021-08-27,3758467.13
2021-08-28,5922302.38
2021-08-29,7883863.31
2021-08-30,2060068.16
2021-08-31,1743433.15
2021-09-01,1058328.5
2021-09-02,2634651.05
2021-09-03,6403987.94
2021-09-04,11628837.58
2021-09-05,4754766.25
2021-09-06,2989903.87
2021-09-07,3893716.65
2021-09-08,2943723.63
2021-09-09,1729709.08
2021-09-10,4018191.98
2021-09-11,10107957.16
2021-09-12,5046478.52
2021-09-13,6357738.58
2021-09-14,4887045.62
2021-09-15,4737835.19
2021-09-16,7440566.57
2021-09-17,5267480.3
2021-09-18,4391192.37
2021-09-19,5565315.01
2021-09-20,3988858.6
2021-09-21,2274646.2
2021-09-23,5121768.84
2021-09-24,1722315.91
2021-09-25,12930497.17
2021-09-26,2733850.42
2021-09-27,2431739.59
2021-09-28,1213946.75
2021-09-29,4405219.59
2021-09-30,3724233.55
2021-10-01,9450013.1
2021-10-02,7810820.68
2021-10-03,12372507.25
2021-10-04,4593657.85
2021-10-05,2324720.12
2021-10-06,4242340.03
2021-10-07,6203900.05
2021-10-08,878420.63
2021-10-09,7902114.54
2021-10-10,5031365.41
2021-10-11,1237191.7
2021-10-12,5696514.95
2021-10-13,2675580.66
2021-10-14,2671961.16
2021-10-15,2295344.2
2021-10-16,4157618.76
2021-10-17,986303.89
2021-10-18,5048227.89
2021-10-19,2879199.13
2021-10-20,1378041.7
2021-10-21,8252103.86
2021-10-22,3454891.35
2021-10-23,4482938.41
2021-10-24,3174179.75
2021-10-25,4980839.71
2021-10-26,5161221.11
2021-10-27,2029567.32
2021-10-28,1142696.43
2021-10-29,8912087.06
2021-10-30,9912696.72
2021-10-31,10512169.99
2021-11-01,5344311.49
2021-11-02,6421508.42
2021-11-03,1426708.69
2021-11-05,4112885.17
2021-11-06,8225226.39
2021-11-07,3316080.11
2021-11-08,5439845.52
2021-11-09,1560598.61
2021-11-10,4551871.86
2021-11-11,7771544.26
2021-11-12,4808241.57
2021-11-13,10159388.07
2021-11-14,1740767.64
2021-11-16,1288597.32
2021-11-17,6875639.33
2021-11-18,716314.19
2021-11-19,6431994.96
2021-11-20,6277086.99
2021-11-21,9455080.71
2021-11-22,2778642.01
2021-11-23,9707514.5
2021-11-24,1150285.69
2021-11-25,4910712.74
2021-11-26,1679348.27
2021-11-27,4690999.58
2021-11-28,5577614.38
2021-11-29,7701862.09
2021-11-30,7246828.41
2021-12-01,4501072.1
2021-12-02,3308022.18
2021-12-03,1758019.18
2021-12-04,8779429.74
2021-12-05,6500237.89
2021-12-06,1526306.07
2021-12-07,1939529.4
2021-12-08,5832327.96
2021-12-09,4039077.61
2021-12-10,611804.18
2021-12-11,3748626.08
2021-12-12,9503389.61
2021-12-13,4325600.23
2021-12-14,1779222.62
2021-12-15,1275390.3
2021-12-16,6207113.44
2021-12-17,3087804.16
2021-12-18,1690188.22
2021-12-19,4997849.64
2021-12-20,1077811.99
2021-12-21,3744947.44
2021-12-22,1190066.93
2021-12-23,5474059.62
2021-12-24,3651889.45
2021-12-25,2574270.26
2021-12-26,4385565.54
2021-12-27,6123697.34
2021-12-28,1827950.28
2021-12-29,3181444.45
2021-12-30,4728632.51
2021-12-31,1224903.94
2022-01-01,5887813.13
2022-01-02,3156864.81
2022-01-03,1431701.34
2022-01-04,1381932.03
2022-01-05,1242822.98
2022-01-06,1061941.25
2022-01-07,3522766.24
2022-01-08,6496623.12
2022-01-09,2945158.58
2022-01-10,4081042.09
2022-01-11,1806177.92
2022-01-12,1352693.67
2022-01-13,1132059.06
2022-01-14,1854695.98
2022-01-15,10285163.11
2022-01-16,3580598.08
2022-01-17,1771478.91
2022-01-18,2758550.25
2022-01-19,2409609.07
2022-01-20,4292558.84
2022-01-21,2463409.12
2022-01-22,9557506.38
2022-01-23,6731800.99
2022-01-24,4068533.81
2022-01-25,5935040.41
2022-01-26,1867002.08
2022-01-27,5711580.78
2022-01-28,3251283.55
2022-01-29,3491794.71
2022-01-30,8588607.83
2022-01-31,1356146.48
2022-02-01,4185790.81
2022-02-02,3710294.95
2022-02-03,3676120.11
2022-02-04,6570387.46
2022-02-05,3285021.96
2022-02-06,6943144.95
2022-02-07,5173655.86
2022-02-08,4239773.58
2022-02-09,2331146.82
2022-02-10,3099985.81
2022-02-12,4354125.9
2022-02-13,7764938.98
2022-02-14,1602540.38
2022-02-15,1734893.01
2022-02-16,4759318.02
2022-02-17,2188316.02
2022-02-18,3748038.06
2022-02-19,3307773.15
2022-02-20,4257123.39
2022-02-21,908052.17
2022-02-22,5657560.78
2022-02-23,4380208.53
2022-02-24,3389321.37
2022-02-25,1255799.12
2022-02-26,7244520.97
2022-02-27,6041852.2
2022-02-28,517745.62
2022-03-01,5125830.83
2022-03-02,1744852.96
2022-03-03,4521607.54
2022-03-04,5351469.98
2022-03-05,2567503.83
2022-03-06,6069392.81
2022-03-07,1858058.45
2022-03-08,945783.56
2022-03-09,2678567.16
2022-03-10,2207000.96
2022-03-11,7483154.59
2022-03-12,8974236.91
2022-03-13,12116236.28
2022-03-14,12871957.16
2022-03-15,8785512.16
2022-03-16,5146243.79
2022-03-17,10415443.27
2022-03-18,4154747.25
2022-03-19,944565.67
2022-03-20,9633716.61
2022-03-21,5356619.99
2022-03-22,3981358.49
2022-03-23,4181905.79
2022-03-24,5546801.85
2022-03-25,7615043.04
2022-03-26,4032988.8
2022-03-27,13956075.42
2022-03-28,6721034.5
2022-03-29,5866539.6
2022-03-30,5547577.89
2022-03-31,1618381.78
2022-04-01,1145789.49
2022-04-02,6219523.33
2022-04-03,4223521.78
2022-04-04,759586.77
2022-04-05,2990828.38
2022-04-06,2199746.17
2022-04-07,2394148.05
2022-04-08,3991550.8
2022-04-09,4028306.24
2022-04-10,3825019.91
2022-04-11,1582321.1
2022-04-12,1193372.64
2022-04-13,3204375.99
2022-04-14,4041781.69
2022-04-15,913043.13
2022-04-16,3031542.68
2022-04-17,8090434.53
2022-04-18,1704509.74
2022-04-19,3916580.54
2022-04-20,1621200.01
2022-04-21,5169136.57
2022-04-22,566677.76
2022-04-23,2218840.56
2022-04-24,4798922.98
2022-04-25,1832846.7
2022-04-26,1593540.94
2022-04-27,1808267.81
2022-04-28,1922955.76
2022-04-29,5521177.34
2022-04-30,1867256.94
2022-05-01,5889739.84
2022-05-02,1732339.41
2022-05-03,3866166.47
2022-05-04,5269897.43
2022-05-05,3725003.19
2022-05-06,4985509.19
2022-05-07,1564086.31
2022-05-08,7001885.42
2022-05-09,6816205.41
2022-05-10,2888234.68
2022-05-11,1542790.21
2022-05-12,5912049.71
2022-05-13,5562195.31
2022-05-14,4147657.37
2022-05-15,7455644.98
2022-05-16,3565104.83
2022-05-17,1475042.49
2022-05-18,4204219.0
2022-05-19,4867923.98
2022-05-20,3614292.21
2022-05-21,5106323.34
2022-05-22,7805627.55
2022-05-23,874395.73
2022-05-24,4310465.91
2022-05-25,1322580.35
2022-05-26,5871567.36
2022-05-28,4564171.91
2022-05-29,5195487.35
2022-05-30,1985950.74
2022-05-31,5525428.69
2022-06-01,527247.86
2022-06-02,4213816.85
2022-06-04,8568194.26
2022-06-05,7829969.42
2022-06-06,7017736.07
2022-06-07,1994177.3
2022-06-08,3946537.82
2022-06-09,4849999.68
2022-06-11,3715236.03
2022-06-12,4461486.95
2022-06-13,2885680.88
2022-06-14,5489055.93
2022-06-15,7806898.2
2022-06-16,3069297.04
2022-06-17,1263502.42
2022-06-18,4048620.14
2022-06-19,4203031.68
2022-06-20,3388262.8
2022-06-21,2875708.38
2022-06-22,2166474.16
2022-06-23,7954909.58
2022-06-24,4463299.92
2022-06-25,1663506.75
2022-06-26,3283950.41
2022-06-27,4149230.95
2022-06-28,3060703.24
2022-06-29,3662218.73
2022-06-30,4907712.71
2022-07-01,3577679.89
2022-07-02,4241823.58
2022-07-03,5612588.51
2022-07-05,4218110.17
2022-07-06,3769911.08
2022-07-07,2224156.91
2022-07-08,4886639.99
2022-07-09,11340389.23
2022-07-10,10536543.73
2022-07-11,4760940.7
2022-07-12,1263237.95
2022-07-13,7362773.71
2022-07-14,4091885.7
2022-07-15,4107433.66
2022-07-16,5402462.71
2022-07-17,7422216.2
2022-07-18,1648235.28
2022-07-20,4257585.49
2022-07-21,1376926.75
2022-07-22,1905726.39
2022-07-23,3304093.54
2022-07-24,8936382.55
2022-07-25,1212270.07
2022-07-26,6083702.11
2022-07-27,3490306.87
2022-07-28,1873375.22
2022-07-29,4293822.23
2022-07-30,4078921.32
2022-07-31,3950149.84
2022-08-01,4159327.56
2022-08-02,2590117.65
2022-08-03,2590734.92
2022-08-04,3480731.17
2022-08-05,3808742.97
2022-08-06,3721268.05
2022-08-07,7750100.72
2022-08-08,3887064.34
2022-08-09,3507629.4
2022-08-10,3207811.18
2022-08-11,1238862.31
2022-08-12,5417437.26
2022-08-13,3107071.03
2022-08-14,1964802.19
2022-08-15,6437758.05
2022-08-16,2630316.41
2022-08-17,1931457.52
2022-08-18,5549351.75
2022-08-19,899497.76
2022-08-20,16823107.0
2022-08-21,4788389.3
2022-08-22,3075487.9
2022-08-23,4993440.4
2022-08-24,5841760.97
2022-08-25,3186205.33
2022-08-26,824337.77
2022-08-27,7896612.3
2022-08-28,5943308.93
2022-08-29,2790110.06
2022-08-30,696792.04
2022-08-31,5350909.37
2022-09-01,4702573.14
2022-09-02,3261823.6
2022-09-03,10738339.46
2022-09-04,5871306.88
2022-09-05,5286936.07
2022-09-06,2574090.41
2022-09-07,4346109.14
2022-09-08,7311718.1
2022-09-09,7128709.86
2022-09-10,6170825.73
2022-09-11,6637320.32
2022-09-12,5927021.74
2022-09-13,2379121.04
2022-09-14,4320764.44
2022-09-15,7437703.36
2022-09-17,6049134.66
2022-09-18,6399832.38
2022-09-20,2477285.34
2022-09-21,4909798.64
2022-09-22,3129398.3
2022-09-23,4798073.87
2022-09-24,4956979.3
2022-09-25,9069625.14
2022-09-26,3004843.33
2022-09-27,3501262.6
2022-09-28,2607602.89
2022-09-29,2471942.08
2022-09-30,4963303.36
2022-10-01,14982042.45
2022-10-02,14569469.91
2022-10-03,4211293.54
2022-10-04,8486297.62
2022-10-05,5347576.88
2022-10-06,804505.07
2022-10-07,6500633.81
2022-10-08,5052225.21
2022-10-09,6055637.9
2022-10-10,9108594.79
2022-10-11,8003947.39
2022-10-12,6813379.47
2022-10-13,1567169.86
2022-10-14,712285.45
2022-10-15,10288753.18
2022-10-16,8454530.86
2022-10-17,3367876.57
2022-10-18,1754916.58
2022-10-19,7155218.57
2022-10-20,3738969.83
2022-10-21,2693947.88
2022-10-22,4248193.62
2022-10-23,11325254.53
2022-10-24,1545029.61
2022-10-25,1895511.43
2022-10-26,945005.03
2022-10-27,1294182.32
2022-10-28,300000.0
2022-10-29,10565532.96
2022-10-30,5194142.04
2022-10-31,2242866.04
2022-11-01,1613128.96
2022-11-03,3655287.68
2022-11-04,7069662.11
2022-11-05,5299528.26
2022-11-06,9067545.48
2022-11-07,4763000.17
2022-11-08,5346055.51
2022-11-09,2682234.08
2022-11-10,7025936.47
2022-11-11,4953447.48
2022-11-12,7329399.79
2022-11-13,7664941.39
2022-11-14,5840825.37
2022-11-15,4995938.8
2022-11-16,8946471.57
2022-11-17,7965759.98
2022-11-18,7425689.62
2022-11-19,6079344.2
2022-11-20,8678456.06
2022-11-21,1497834.56
2022-11-22,1456778.85
2022-11-23,1619534.93
2022-11-24,6087084.91
2022-11-25,3220912.82
2022-11-26,8739229.97
2022-11-27,9600066.13
2022-11-28,6471320.11
2022-11-29,1995989.06
2022-11-30,2162448.94
2022-12-01,9678208.67
2022-12-02,5113328.23
2022-12-03,7090791.96
2022-12-04,2188065.02
2022-12-05,11048010.88
2022-12-06,4456924.32
2022-12-07,4196851.77
2022-12-08,1624447.73
2022-12-09,998348.53
2022-12-10,3552883.27
2022-12-11,11358949.54
2022-12-12,9481774.65
2022-12-13,3644039.26
2022-12-14,1890667.77
2022-12-15,1970250.45
2022-12-16,5145866.16
2022-12-17,5310457.02
2022-12-18,3603005.55
2022-12-19,2630677.28
2022-12-20,5709691.28
2022-12-21,2687671.06
2022-12-22,4816147.46
2022-12-23,2557313.38
2022-12-24,4467486.55
2022-12-25,5820841.82
2022-12-26,3826468.35
2022-12-27,1335590.36
2022-12-28,5903427.08
2022-12-29,4679509.84
2022-12-30,2839636.96
2022-12-31,5599182.73
2023-01-01,4030700.22
2023-01-02,6335356.66
2023-01-03,4013202.37
2023-01-04,4011054.56
2023-01-05,2620147.06
2023-01-06,7783658.24
2023-01-07,3925220.57
2023-01-08,4599673.5
2023-01-09,3286924.57
2023-01-10,4355767.18
2023-01-11,2451217.75
2023-01-12,6354634.24
2023-01-13,1092345.78
2023-01-14,11215370.03
2023-01-15,4382135.22
2023-01-16,2421981.61
2023-01-17,3553106.84
2023-01-18,4599880.76
2023-01-19,10722909.83
2023-01-20,1964642.43
2023-01-21,6718672.58
2023-01-22,7457008.21
2023-01-23,11901261.8
2023-01-24,4057566.92
2023-01-25,2152239.54
2023-01-26,5471805.16
2023-01-27,2953012.47
2023-01-28,5379402.06
2023-01-29,5403379.84
2023-01-30,6836930.57
2023-01-31,4671241.54
2023-02-01,3460862.65
2023-02-02,1237174.26
2023-02-04,6751013.22
2023-02-05,9683818.68
2023-02-06,5651048.27
2023-02-07,3350799.82
2023-02-08,6274853.76
2023-02-09,3227415.01
2023-02-10,4739445.83
2023-02-11,3585837.54
2023-02-12,7343913.61
2023-02-13,2544424.25
2023-02-14,2297711.85
2023-02-15,1875208.52
2023-02-16,6792860.1
2023-02-17,3279112.14
2023-02-18,6665902.11
2023-02-19,6849688.59
2023-02-20,4818146.72
2023-02-21,2627065.42
2023-02-22,1853753.28
2023-02-23,4325456.49
2023-02-24,4787609.85
2023-02-25,1671870.58
2023-02-26,9827745.15
2023-02-27,883993.16
2023-02-28,7355204.04
2023-03-01,5116212.87
2023-03-02,9913138.44
2023-03-03,5862911.93
2023-03-04,14485286.62
2023-03-05,8383474.64
2023-03-06,11449380.4
2023-03-07,10278333.02
2023-03-08,7822404.28
2023-03-09,3899916.39
2023-03-10,4242998.63
2023-03-11,16876682.02
2023-03-12,11048976.95
2023-03-13,8028697.71
2023-03-14,9640034.18
2023-03-15,4911282.63
2023-03-16,4065200.53
2023-03-17,11481438.34
2023-03-18,4009602.12
2023-03-19,14423852.3
2023-03-20,9575314.26
2023-03-21,4729165.77
2023-03-22,5428680.43
2023-03-23,4769452.29
2023-03-24,6458847.81
2023-03-25,8351920.36
2023-03-26,3445713.02
2023-03-27,4373162.91
2023-03-28,3502745.42
2023-03-29,6485296.16
2023-03-30,5850287.19
2023-03-31,6264827.1
2023-04-01,7632787.69
2023-04-02,9341829.3
2023-04-03,3369672.59
2023-04-04,6421530.77
2023-04-05,3012594.29
2023-04-06,1126879.03
2023-04-07,4408181.5
2023-04-08,3278546.92
2023-04-09,11609016.16
2023-04-10,2524579.3
2023-04-11,2267773.66
2023-04-12,1360256.66
2023-04-13,2785223.74
2023-04-14,3980636.24
2023-04-15,7213822.63
2023-04-16,3872200.87
2023-04-17,3645986.9
2023-04-18,8003234.49
2023-04-19,4111468.12
2023-04-20,5344633.73
2023-04-21,7506489.11
2023-04-22,4802619.63
2023-04-23,3855459.63
2023-04-24,5324407.32
2023-04-25,1676469.22
2023-04-26,6076789.48
2023-04-27,6149551.25
2023-04-29,3091872.55
2023-04-30,11173018.63
2023-05-01,9937893.88
2023-05-03,1874643.03
2023-05-04,492777.31
2023-05-05,2050247.01
2023-05-06,11132018.32
2023-05-07,3163123.63
2023-05-08,2988908.64
2023-05-09,2290512.3
2023-05-10,2941299.8
2023-05-11,3474040.66
2023-05-12,5492801.33
2023-05-13,3245982.92
2023-05-14,10046729.52
2023-05-15,2796763.32
2023-05-16,1772733.78
2023-05-17,3850794.52
2023-05-18,4497089.68
2023-05-19,4668745.86
2023-05-20,5304674.47
2023-05-21,13246030.04
2023-05-22,5251472.08
2023-05-23,1687020.69
2023-05-24,2098057.06
2023-05-25,1457936.52
2023-05-26,9166649.22
2023-05-27,4376214.91
2023-05-28,1423478.11
2023-05-29,5380967.85
2023-05-30,8419868.83
2023-05-31,2780501.99
2023-06-01,3448872.86
2023-06-02,1898501.74
2023-06-03,6913054.94
2023-06-04,8579994.03
2023-06-05,1367995.5
2023-06-06,4195767.75
2023-06-07,4705044.18
2023-06-08,2678631.75
2023-06-09,9133113.57
2023-06-10,6010020.34
2023-06-11,5387749.31
2023-06-12,2396035.85
2023-06-13,5285930.08
2023-06-14,2773987.18
2023-06-15,3883621.31
2023-06-16,8814087.5
2023-06-17,6052300.41
2023-06-18,4254615.9
2023-06-19,2929813.95
2023-06-20,5616189.79
2023-06-21,2838092.2
2023-06-22,1599713.86
2023-06-23,5327685.02
2023-06-24,4618525.68
2023-06-25,7786693.21
2023-06-26,2625258.14
2023-06-27,6167022.41
2023-06-28,5635148.78
2023-06-29,3514070.56
2023-06-30,3419311.93
2023-07-01,9254618.7
2023-07-02,4251861.51
2023-07-03,7400957.93
2023-07-04,1753699.16
2023-07-06,4757901.81
2023-07-07,7639508.65
2023-07-08,5871874.74
2023-07-09,4770290.8
2023-07-10,3711673.97
2023-07-11,1292345.76
2023-07-12,4750505.23
2023-07-13,9504696.97
2023-07-14,2052296.61
2023-07-15,3113455.41
2023-07-16,7940214.39
2023-07-17,3002359.34
2023-07-18,2313329.09
2023-07-19,4849887.99
2023-07-20,784198.65
2023-07-21,5764376.28
2023-07-22,5195903.85
2023-07-23,6487715.17
2023-07-24,3429283.22
2023-07-25,4931425.54
2023-07-26,3269709.05
2023-07-27,1128559.87
2023-07-29,3094114.67
2023-07-30,4397594.2
2023-07-31,2921832.13
2023-08-01,3472056.85
2023-08-02,8640126.18
2023-08-03,3421982.43
2023-08-05,8008009.87
2023-08-06,2756924.0
2023-08-07,4975511.12
2023-08-08,2142913.32
2023-08-09,4397865.52
2023-08-10,2133997.23
2023-08-11,5908918.1
2023-08-12,4114363.76
2023-08-13,4350318.64
2023-08-14,5177455.77
2023-08-15,6209545.31
2023-08-16,4575642.55
2023-08-17,4748754.91
2023-08-18,2696453.51
2023-08-19,6148012.77
2023-08-20,7785438.89
2023-08-21,5432371.52
2023-08-22,2226752.98
2023-08-23,1038681.77
2023-08-24,4277889.74
2023-08-25,5650752.73
2023-08-26,6158418.17
2023-08-27,8878695.22
2023-08-28,1499528.47
2023-08-29,2690120.93
2023-08-30,3992882.0
2023-08-31,2460170.08
2023-09-01,2584121.63
2023-09-02,6168259.95
2023-09-03,5980600.32
2023-09-04,2943628.42
2023-09-05,2754789.99
2023-09-06,4362079.2
2023-09-07,2050042.22
2023-09-08,6243561.73
2023-09-09,11947623.32
2023-09-10,7925631.29
2023-09-11,2959486.6
2023-09-12,6112010.9
2023-09-13,4914413.85
2023-09-14,4986660.98
2023-09-15,1436436.21
2023-09-16,4733442.62
2023-09-17,9833039.06
2023-09-18,2013270.01
2023-09-19,5846406.03
2023-09-20,7461975.97
2023-09-21,8920920.57
2023-09-22,4378085.1
2023-09-23,3531702.49
2023-09-24,8567593.18
2023-09-25,2456011.85
2023-09-26,907674.75
2023-09-27,2861233.84
2023-09-28,3906755.76
2023-09-29,4232120.08
2023-09-30,4061358.28
2023-10-01,9767279.86
2023-10-02,10581621.8
2023-10-03,7167708.76
2023-10-04,8365551.68
2023-10-05,8226161.48
2023-10-06,5386001.83
2023-10-07,12763519.74
2023-10-08,2877946.39
2023-10-09,2608843.7
2023-10-10,6156978.42
2023-10-11,8489210.83
2023-10-12,6382338.95
2023-10-13,3891521.7
2023-10-14,7933765.66
2023-10-15,4614282.08
2023-10-16,7566938.41
2023-10-17,5347223.79
2023-10-18,3489142.76
2023-10-19,1092551.35
2023-10-20,2998173.87
2023-10-21,7102484.39
2023-10-22,6669682.43
2023-10-23,13266432.13
2023-10-24,712472.67
2023-10-25,4206686.75
2023-10-26,4885084.09
2023-10-27,723701.68
2023-10-28,7138786.5
2023-10-29,7876439.19
2023-10-30,10010696.7
2023-10-31,6261986.73
2023-11-01,8605805.98
2023-11-02,1265910.61
2023-11-03,6513174.09
2023-11-04,13600155.45
2023-11-05,7207879.6
2023-11-06,4026972.69
2023-11-07,3241847.24
2023-11-08,1257371.57
2023-11-09,3450266.98
2023-11-10,6813148.05
2023-11-11,18447722.75
2023-11-12,10967327.85
2023-11-13,7950876.88
2023-11-14,5739981.98
2023-11-15,2872987.7
2023-11-16,1614158.58
2023-11-17,2630691.18
2023-11-18,13800710.87
2023-11-19,3639948.92
2023-11-20,5391654.38
2023-11-21,10047278.01
2023-11-22,4261664.26
2023-11-23,3864625.14
2023-11-24,2903989.1
2023-11-25,1092360.27
2023-11-26,6457126.99
2023-11-27,1185831.94
2023-11-28,3590070.14
2023-11-29,3542492.09
2023-11-30,3273825.05
2023-12-01,1999323.06
2023-12-02,7075272.18
2023-12-03,10544933.9
2023-12-05,6107716.42
2023-12-06,2465749.91
2023-12-07,7174311.91
2023-12-08,3651099.79
2023-12-09,5496299.66
2023-12-10,2735850.42
2023-12-11,7812059.71
2023-12-12,5956212.02
2023-12-13,2698346.17
2023-12-14,5949999.54
2023-12-15,6228803.58
2023-12-16,4253520.8
2023-12-17,5182030.77
2023-12-18,729187.35
2023-12-19,5774642.58
2023-12-20,8060209.17
2023-12-21,1980238.75
2023-12-22,4367935.81
2023-12-23,12014378.72
2023-12-24,3191975.64
2023-12-25,3991855.73
2023-12-27,5555624.38
2023-12-28,5382206.69
2023-12-29,3949481.48
2023-12-31,5412074.56
